,Product URL,Product Name,Product Price,Rating,Number of Reviews
0,https://www.amazon.in/Wesley-Milestone-Waterproof-Backpack-Business/dp/B084JGJ8PF,Wesley Milestone 2.0 Casual Waterproof Laptop Backpack/Office Bag/School Bag/College Bag/Business Bag/Travel Backpack (Dimensions:13x18 inches) (Compatible with 39.62cm(15.6inch laptop) 30 L (Blue & black),598,4.3 out of 5 stars,"10,923"
1,https://www.amazon.in/American-Tourister-AMT-SCH-02/dp/B07CJCGM1M,American Tourister 32 Ltrs Black Casual Backpack (AMT FIZZ SCH BAG 02 - BLACK),"1,199",4.0 out of 5 stars,"54,205"
2,https://www.amazon.in/Skybags-Brat-Black-Casual-Backpack/dp/B08Z1HHHTD,Skybags Brat Black 46 Cms Casual Backpack,669,4.1 out of 5 stars,"4,547"
3,https://www.amazon.in/School-Backpack-Cartoon-Travel-Toddler/dp/B08WWG91Q3?sbo=RZvfv%2F%2FHxDF%2BO5021pAnSA%3D%3D,,448,4.0 out of 5 stars,4
4,https://www.amazon.in/MosQuick%C2%AE-Drawstring-Organizing-Stationery-multipurpose/dp/B09SB42QFQ?sbo=EO%2BcdOgoisx3waG5xqcZQA%3D%3D,,294,4.2 out of 5 stars,58
5,https://www.amazon.in/Backpack-Toddler-Animal-Cartoon-Travel/dp/B09H3H3898?sbo=RZvfv%2F%2FHxDF%2BO5021pAnSA%3D%3D,,298,4.1 out of 5 stars,83
6,https://www.amazon.in/Blue-Tree-Velvet-Nursery-Travelling/dp/B07XJHP2C7?sbo=RZvfv%2F%2FHxDF%2BO5021pAnSA%3D%3D,,298,4.1 out of 5 stars,"1,519"
7,https://www.amazon.in/Amazon-Brand-Canvas-printed-stylish/dp/B0BX3PW42J?sbo=RZvfv%2F%2FHxDF%2BO5021pAnSA%3D%3D,,349,4.5 out of 5 stars,2
8,https://www.amazon.in/School-Backpack-Cartoon-Travel-Toddler/dp/B08WWTHLTF?sbo=RZvfv%2F%2FHxDF%2BO5021pAnSA%3D%3D,,415,5.0 out of 5 stars,1
9,https://www.amazon.in/AmazonBasics-Foldable-Travel-Duffel-27-inch/dp/B01J24HEE4?sbo=RZvfv%2F%2FHxDF%2BO5021pAnSA%3D%3D,,"1,699",4.4 out of 5 stars,753
10,https://www.amazon.in/Blue-Tree-Backpack-Cartoon-Spiderman/dp/B08YP5HQVP?sbo=RZvfv%2F%2FHxDF%2BO5021pAnSA%3D%3D,,415,5.0 out of 5 stars,1
11,https://www.amazon.in/American-Tourister-BACKPACK-COMPARTMENT-ORGANIZER/dp/B0BTD4FK9G,"American Tourister VALEX BLUE LAPTOP BACKPACK 28 Ltrs,Volume, LAPTOP COMPARTMENT, BOTTLE POCKET, FRONT ORGANIZER","1,299",4.2 out of 5 stars,204
12,https://www.amazon.in/Number-Backpack-Compartment-Charging-Organizer/dp/B09VTDMRY7,"FUR JADEN Anti Theft Number Lock Backpack Bag with 15.6 Inch Laptop Compartment, USB Charging Port & Organizer Pocket for Men Women Boys Girls",699,4.0 out of 5 stars,"4,024"
13,https://www.amazon.in/ADISA-Laptop-Backpack-Office-College/dp/B09TPX22NF,ADISA 15.6 inch Laptop Backpack Office Bag College Travel Back Pack 32 Ltrs (z-Navy Blue),499,3.9 out of 5 stars,802
14,https://www.amazon.in/Number-Backpack-Compartment-Charging-Organizer/dp/B09VTCNN75,"FUR JADEN Anti Theft Number Lock Backpack Bag with 15.6 Inch Laptop Compartment, USB Charging Port & Organizer Pocket for Men Women Boys Girls",699,4.0 out of 5 stars,"4,024"
15,https://www.amazon.in/Half-Moon-Waterproof-Backpack-Students/dp/B085MHDJ93,"Half Moon 35L Water Resistant 15.6 inch Laptop Bag for Men/Backpack for Men, Navy Blue | Office Bag for Men/Office Bag for Women with Padded Laptop Compartment | Rain Cover & Reflective Strips",529,3.9 out of 5 stars,"15,926"
16,https://www.amazon.in/SAFARI-Ltrs-Casual-Backpack-DAYPACKNEO15CBSEB/dp/B07Q7CNPMV,SAFARI 15 Ltrs Sea Blue Casual/School/College Backpack (DAYPACKNEO15CBSEB),248,4.0 out of 5 stars,"19,029"
17,https://www.amazon.in/American-Tourister-BACKPACK-COMPARTMENT-ORGANIZER/dp/B0BTD4S4XF,"American Tourister VALEX BLACK LAPTOP BACKPACK 28 Ltrs,Volume, LAPTOP COMPARTMENT, BOTTLE POCKET, FRONT ORGANIZER","1,299",4.3 out of 5 stars,194
18,https://www.amazon.in/Half-Moon-Resistant-Backpack-Compartment/dp/B0BJ32LQ6X,Half Moon Large 37L Laptop Bag Backpack for menं Women Boys and Girls Luggage Travel Bags with 17.3 inches Laptop Compartment & Rain Cover,749,3.9 out of 5 stars,"2,765"
19,https://www.amazon.in/FUR-JADEN-Leatherette-Polypropylene-DUFF05/dp/B07M9BRCQ5,Fur Jaden Brown Textured Leatherette Stylish & Spacious Weekender Duffle Bag for Travel,899,4.3 out of 5 stars,"5,925"
20,https://www.amazon.in/TRUE-HUMAN-Anti-Theft-backpack-charging/dp/B09QJ7ZF2Y,"TRUE HUMAN Emperor Anti-Theft backpack With USB charging Port Laptop Bag, Office bag, college bag and anti -theft back pocket (Black)",599,3.8 out of 5 stars,"2,034"
21,https://www.amazon.in/Safari-45L-21-OB-BLK/dp/B07BZ5VC4H,Safari Seek 45 Ltrs Overnighter Expandable Travel Laptop Backpack,"1,999",4.5 out of 5 stars,"7,037"
22,https://www.amazon.in/Lunars-Bingo-Laptop-Resistant-48L/dp/B08YZ8FFBZ,Lunar's Bingo - 48 L Laptop Office/School/Travel/Business Backpack Water Resistant - Fits Up to 15.6 Inch Laptop Notebook with 1 Year Warranty,899,3.9 out of 5 stars,"9,506"
23,https://www.amazon.in/Wesley-Spartan-Hiking-Raincover-Organiser/dp/B098QFF5TJ,Wesley Spartan Unisex Travel Hiking Laptop Bag fits Upto 17.3 inch with Raincover and Internal Organiser Backpack Rucksack College Bag,698,4.1 out of 5 stars,"1,275"
24,https://www.amazon.in/ADISA-Laptop-Backpack-Office-College/dp/B0BPVLXD53,ADISA 32L Large Laptop Backpack Office Bag College Travel Back Pack with rain Cover (Grey),599,3.8 out of 5 stars,141
25,https://www.amazon.in/Gear-Black-Laptop-Backpack-LBPASPIRE0104/dp/B075MK4TXP,Gear Aspire 30L Water Restant Office Laptop Bag/Backpack for Men/Women/(Black),"1,099",4.3 out of 5 stars,"5,589"
26,https://www.amazon.in/Lenovo-15-6-Inches-Everyday-Backpack/dp/B08R7RPVJF,"Lenovo 15.6"" (39.62cm) Slim Everyday Backpack, Made in India, Compact, Water-resistant, Organized storage:Laptop sleeve,tablet pocket,front workstation,2-side pockets,Padded adjustable shoulder straps",649,4.4 out of 5 stars,"3,042"
27,https://www.amazon.in/GEAR-Black-Blue-Backpack-years/dp/B019HA8AYG,Gear CarryOn 16L Foldable Water Resistant School Bag//Backpack/College Bag for Men/Women - Blue Black,199,3.7 out of 5 stars,"6,447"
28,https://www.amazon.in/Wesley-Milestone-Waterproof-Backpack-Business/dp/B085S444JV,"Wesley Milestone 2.0 Casual Waterproof Laptop Backpack/Office Bag/School Bag/College Bag/Business Bag/Travel Backpack (Dimensions:13x18 inches) (Compatible with 39.62cm(15.6inch laptop) 30 L, Charcoal black",598,4.3 out of 5 stars,"10,923"
29,https://www.amazon.in/Genie-Glitter-Backpack-Women-compartments/dp/B097JHQH13,"Genie Glitter Backpack for Women - 3 compartments, Laptop Bags for Girls, Stylish and Trendy College Backpacks for Girls, Water Resistant and Lightweight Bags for Office and Travelling Purpose.",889,4.3 out of 5 stars,681
30,https://www.amazon.in/Gear-Classic-Leather-Backpack-LBPCLSLTH0201/dp/B07G4F6XFH,Gear Classic 20L Faux Leather Water Resistant Anti Theft Laptop Bag/Backpack for Men/Women-Brown,988,4.4 out of 5 stars,"5,703"
31,https://www.amazon.in/Lavie-Sport-Duffle-Luggage-Trolley/dp/B097RJ22Q3,Lavie Sport Lino Large Size 63 cms Wheel Duffle Bag for Travel | Travel Bag with Trolley,"1,199",4.0 out of 5 stars,"7,626"
32,https://www.amazon.in/Safari-Backpack-Resistant-Polyester-Travelling/dp/B09B26VHXV,"Safari Flash Casual Backpack, 26 ltr Water Resistant Travel Bags| Weight Polyester Bagpack for Men and Women, Spacious Shoulder Bag for College, Office, Travelling and Camping",799,3.8 out of 5 stars,"2,710"
33,https://www.amazon.in/Half-Moon-Backpack-Luggage-Compartment/dp/B09VCLZ3K4,Half Moon Large 37L Laptop Bag Backpack for menं Women Boys and Girls Luggage Travel Bags with 17.3 inches Laptop Compartment & Rain Cover,749,3.9 out of 5 stars,"2,765"
34,https://www.amazon.in/Zipline-Nexa-Resistant-Bagpack-Backpack/dp/B08WQ668WJ,Zipline Unisex Casual Polyester 36 L Backpack School Bag Women Men Boys Girls Children Daypack College Bag Book School Sports Bag,843,3.7 out of 5 stars,828
35,https://www.amazon.in/Safari-Laptop-Backpack-Resistant-Fabric/dp/B09B25Z8M2,"Safari Quill Laptop Backpack 26 Ltrs Water Resistant Fabric - Black, L (QUILL19CBBLK)",849,3.9 out of 5 stars,849
36,https://www.amazon.in/Safari-Laptop-Backpack-Resistant-Fabric/dp/B09B28TKLG,"Safari Quill Laptop Backpack 26 Ltrs Water Resistant Fabric - Blue, L (QUILL19CBBLU)",849,4.0 out of 5 stars,600
37,https://www.amazon.in/Wesley-Milestone-Waterproof-Backpack-Business/dp/B07PLKV6D1,Wesley Milestone 15.6 inch 25 L Casual Waterproof Laptop Backpack/Office Bag/School Bag/College Bag/Business Bag/Unisex Travel Backpack,497,4.3 out of 5 stars,"12,760"
38,https://www.amazon.in/ADISA-BP005-Weight-Casual-Backpack/dp/B07F3X45WZ,ADISA Light Weight Laptop Backpack 32 Ltrs,499,4.0 out of 5 stars,"5,860"
39,https://www.amazon.in/POLESTAR-Vintage-Laptop-Backpack-bagpack/dp/B081GSQ9D9,"POLESTAR Vintage 15.6 inch 32 LTR Casual Laptop Backpack/Office Bag/School Bag/College Bag/Business Bag/Unisex Backpack, Water Resistant and Light Weight, 1 year Warranty",549,3.9 out of 5 stars,"8,837"
40,https://www.amazon.in/Wesley-Milestone-Waterproof-Backpack-Business/dp/B07K8KLB3P,"Wesley Unisex Milestone Casual Waterproof Laptop Office School College Business Travel Backpack 25 L (Dimensions: 12.5x18 inches) (Compatible with 15.6 inch laptops), Navy Blue",425,4.3 out of 5 stars,"12,760"
41,https://www.amazon.in/Rucksack-Travel-Backpack-Trekking-Compartment/dp/B07YDGQQN5,"Fur Jaden 55 LTR Rucksack Travel Backpack Bag for Trekking, Hiking with Shoe Compartment",849,4.3 out of 5 stars,"5,209"
42,https://www.amazon.in/Fur-Jaden-Black-Waterproof-Backpack/dp/B078GLXMDY,FUR JADEN Anti Theft Backpack 15.6 Inch Laptop Bag with USB Charging Port For Men Women Boys Girls,899,4.0 out of 5 stars,"11,073"
43,https://www.amazon.in/ZIPLINE-Polyester-Backpack-Children-Daypack/dp/B07XVMR33Q,Zipline Unisex casual polyester 36 L Backpack School Bag Women Men Boys Girls children Daypack College Bag Book School Sports Bag Weekend Bag,834,4.0 out of 5 stars,"5,573"
44,https://www.amazon.in/Safari-Casual-Backpack-Charging-Resistant/dp/B09B2581S9,"Safari Sneak Casual Backpack with USB Charging Port 26 Ltrs Water Resistant Fabric - Grey, L (SNEAK19CBGRE)",949,3.7 out of 5 stars,923
45,https://www.amazon.in/ADISA-BP004-Weight-Casual-Backpack/dp/B07G3CG9FC,ADISA Laptop Backpack 31 Ltrs,499,4.0 out of 5 stars,"9,284"
46,https://www.amazon.in/ADISA-Casual-Backpack-School-College/dp/B0BX3QFVSM,ADISA 31 Ltrs Casual Backpack School College Bag Pack (Navy Blue),399,3.8 out of 5 stars,35
47,https://www.amazon.in/Artistix-Backpack-Anti-Theft-Charging-Resistance/dp/B082PKX18C,"Artistix Talon Anti Theft Design Laptop Backpack, With USB Charging Port (46 Cm, 25L,Black)",999,4.3 out of 5 stars,"3,280"
48,https://www.amazon.in/School-school-partition-Collage-Backpack/dp/B09NNYCQ1Q,URBAN CARRIER School Bag For girls school bags for boys Class 5-10 Large 4 partition 45 L Laptop Collage Office Travel Unisex Backpack,395,3.7 out of 5 stars,655
49,https://www.amazon.in/Police-Polyester-laptop-casual-backpack/dp/B09CQ5T3LN,POLICE Backpack for Men Casual Laptop Bag Office/Travel/College 30 Ltr Hedge Polyester - Black,"1,399",4.1 out of 5 stars,"5,528"
50,https://www.amazon.in/F-Gear-Luxur-Brown-Backpack/dp/B01F7AX9ZA,F Gear Luxur Brown 25 liter Laptop Backpack (2404),"1,032",4.4 out of 5 stars,"16,733"
51,https://www.amazon.in/NORTH-ZONE-Waterproof-Backpack-Dimensions/dp/B0BS6QQZYN,NORTH ZONE Casual Waterproof Laptop Backpack/Office Bag/School Bag/College Bag/Business Bag/Travel Backpack (Dimensions:13x18 inches) (Compatible with 39.62cm(15.6inch laptop) 30 L,569,4.0 out of 5 stars,315
52,https://www.amazon.in/Half-Moon-Travelling-Rucksack-Compartment/dp/B09WDGZ32L,Half Moon 55 litres Travelling Laptop Bag/Rucksack Backpack for Luggage Travel Journey Trekking Hiking Bags for Men Women Boys and Girls with Laptop Compartment & Rain Cover,899,4.0 out of 5 stars,432
53,https://www.amazon.in/Gear-Colorado-Orange-Laptop-Backpack/dp/B097K6KD7W,F Gear Colorado Grey Orange 39 Ltrs Laptop Backpack (3814),895,4.3 out of 5 stars,156
54,https://www.amazon.in/Half-Moon-Trekking-Bags-Compartment/dp/B08PSX1LN9,Half Moon 45L Hammer Waterproof Laptop Travelling Rucksack Trekking Backpack for Travel Journey bags for Men Women Boys & Girls with 17.3inch Laptop Compartment & Rain cover,"1,199",4.1 out of 5 stars,"1,221"
55,https://www.amazon.in/Lavie-Womens-Ushawu-Satchel-Handbag/dp/B0B3J9J9CK,Lavie Women's Ushawu Satchel Bag | Ladies Purse Handbag,"1,059",4.1 out of 5 stars,"6,412"
56,https://www.amazon.in/WILDHORN-Backpack-Compartment-Business-Stitching/dp/B09QL66G55,"WILDHORN 31L Laptop Backpack for Men/Women I Fits upto 15.6"" Laptop I Waterproof I Travel/Business/College Bookbags",599,4.0 out of 5 stars,"1,234"
57,https://www.amazon.in/AUXTER-BLACKY-Duffel-Emboss-Black/dp/B07F2H25NP,AUXTER Faux Leather 23 Cms Duffle Bag(AUX_GB_LE_Black -SE_0521_Black),376,4.3 out of 5 stars,"9,121"
58,https://www.amazon.in/TRUE-Emperor-Anti-Theft-backpack-charging/dp/B0BYB631NR,"TRUE HUMAN® Emperor Anti-Theft Pocket backpack With USB charging Port Laptop,office,college,travel bag for men and women(Epower)",649,3.5 out of 5 stars,33
59,https://www.amazon.in/Backpack-Small-Black-Water-Repellant/dp/B088XB5XY8,"Mi Step Out 12 L Mini Backpack (Small Size, Black, Water Repellant)",398,4.1 out of 5 stars,"8,997"
60,https://www.amazon.in/Step-Backpack-Small-Water-Repellant/dp/B088XH1BP7,"Mi Step Out 12 L Mini Backpack (Small Size, Dark Blue, Water Repellant)",398,4.1 out of 5 stars,"8,997"
61,https://www.amazon.in/ADISA-Laptop-Backpack-Office-College/dp/B0BPVCBFM7,ADISA 32L Large Laptop Backpack Office Bag College Travel Back Pack with rain Cover (Green),599,3.8 out of 5 stars,141
62,https://www.amazon.in/Gear-Vintage2-Leather-Backpack-LBPVG2LTH1901/dp/B07G4F3758,Gear Vintage2 Anti Theft Faux Leather 18 cms Tan Laptop Backpack,836,4.3 out of 5 stars,"1,554"
63,https://www.amazon.in/Casual-Backpack-Charging-Laptop-Compartment/dp/B07J46KLFP,"Fur Jaden 15.6 Inch Laptop Backpack 25 LTR Bag for School, College and Office with USB Charging Port",499,3.9 out of 5 stars,"10,167"
64,https://www.amazon.in/Expandable-Backpack-Water-resistant-Business-Charging/dp/B0B6FNB898,Arctic Hunter Laptop Bag Expandable Backpack for 16 inch Lapotp 40L Travel Backpack Water-resistant Business School Backpack with USB Port for Men and Women,"3,514",4.5 out of 5 stars,52
65,https://www.amazon.in/Half-Moon-Resistant-Backpack-Compartment/dp/B0BLVQ9NTD,Half Moon Strike 35L Unisex Spacious School/Laptop/College/Office Travel Backpack Bag for Men Women Boys & Girls with 15.6 inch Padded Laptop Compartment & Multiple Pockets,649,3.8 out of 5 stars,466
66,https://www.amazon.in/Safari-Spartan-Water-Resistant-Backpack/dp/B09B277CR5,"Safari Spartan 21 Ltrs Water Resistant Backpack - Teal, S (SPARTAN19CBTEA)",599,3.8 out of 5 stars,765
67,https://www.amazon.in/Gear-Vintage2-Leather-Backpack-LBPVG2LTH0101/dp/B07G44G1DC,Gear Vintage2 28L Faux Leather Water Resistant Anti Theft Laptop Bag/Backpack for Men/Women-Black,990,4.4 out of 5 stars,"1,770"
68,https://www.amazon.in/ADISA-Laptop-Backpack-Office-College/dp/B0BPTV3795,ADISA 32L Large Laptop Backpack Office Bag College Travel Back Pack with rain Cover (Black),599,3.8 out of 5 stars,141
69,https://www.amazon.in/AirCase-C34-Laptop-Backpack-Women/dp/B07QN4KXWG,"AirCase Laptop Bag Backpack Case Pouch for Laptop Backpack for Men & Women,Premium Vegan Leather",929,3.8 out of 5 stars,806
70,https://www.amazon.in/Backpack-Business-Scratch-resistant-Multiple-Comfortable/dp/B0B6FNPN76,Arctic Hunter Backpack Premium Business Backpack for Men Office Travel Laptop Bag with 15.6 Inch Laptop Pocket Water/Scratch-resistant Multiple Pocket Padded College Backpack for Men,"5,699",4.3 out of 5 stars,98
71,https://www.amazon.in/Trajectory-Elegant-15-6-Laptop-Office/dp/B09RK6NCGC,Trajectory 15.6 Inch Vegan Leather Messenger Laptop bag for men in Office for all laptop like Apple MacBook with 2 Years Warranty and Spacious Multiple Compartment with Expandable Bottom Used as Shoulder and Handbag for Men,"1,399",4.1 out of 5 stars,392
72,https://www.amazon.in/Purple-Tree-Multifunction-Waterproof-Compartment/dp/B0BKSXQBXX,"The Purple Tree Multifunction Waterproof Laptop Travel Backpack with Shoe Compartment, Shoulder Bag, 35 L Laptop Backpack with USB Charging, Flight Cabin Backpack, Antitheft Zipper Bag","2,499",3.7 out of 5 stars,20
73,https://www.amazon.in/Lunars-Comet-Resistant-Casual-Backpack/dp/B07WNFN1XS,Lunar's Comet 35L Water Resistant Travel Bagpack/College Backpack/School Bag/Office Bag/Business Backpack/Daypack for Men and Women with 1 Year Warranty,799,4.0 out of 5 stars,"13,288"
74,https://www.amazon.in/Nivia-Deflate-5180BK-Polyester-Round/dp/B07222KX3S,NIVIA Deflate Round 01 Polyester Gym Bag/Unisex Gym Bags/Adjustable Shoulder Bag for Men/Duffle Gym Bags for Men/Carry Gym Accessories/Fitness Bag/Sports &Travel Bag/Gym kit Bag,369,4.2 out of 5 stars,"7,546"
75,https://www.amazon.in/Mokobara-Transit-Backpack-Laptop-Sunray/dp/B09V7R98XC,MOKOBARA The Transit Backpack Laptop Bag for Men and Women,"5,999",4.5 out of 5 stars,591
76,https://www.amazon.in/DZert-Kids-Grey-School-Years/dp/B07QD1M3R9,DZert Kids School Bag Soft Plush Backpacks Cartoon Boys Girls Baby (2-5 Years),225,3.7 out of 5 stars,"3,097"
77,https://www.amazon.in/ADISA-Women-Girls-Floral-SL5072-CRE_Cream/dp/B09B56BCXR,ADISA Women Girls Floral Print Sling Bag,495,4.3 out of 5 stars,511
78,https://www.amazon.in/Half-Moon-Waterproof-Laptop-Backpack/dp/B09QM9N1B3,Half Moon 30L Waterproof 15.6 inch Laptop Office School College Bag Backpack for Men Women Boys & Girls,589,3.7 out of 5 stars,358
79,https://www.amazon.in/Gear-Workspace-Briefcase-Black-Red-BKPWRPHYD0101/dp/B097KGL2M5,Gear Workspace 18L Water Resistant Laptop Bag/Backpack/Office Bag for Men/Women-Black,879,4.2 out of 5 stars,312
80,https://www.amazon.in/Shalimar-Capacity-Travel-Storage-Duffel/dp/B09TPHFMX7,"SHALIMAR large capacity Travel bag / Storage bag / Move-in bags/ Duffel Bag - Strong, Durable , Foldable and Water Resistant ( Pack of 1 ) ( Blue )",259,4.0 out of 5 stars,396
81,https://www.amazon.in/Lenovo-Carrying-15-6-Inch-Toploader-GX40Q17229/dp/B075Y6Y9H5,Lenovo 15.6-inch Casual Laptop Briefcase T210,799,4.2 out of 5 stars,"19,480"
82,https://www.amazon.in/Hoteon-Backpack-Anti-Theft-Earphone-Resistant/dp/B08HM4TQZZ,"Golden Wolf Laptop Bag Anti-theft Backpack with Lock College School Laptop Backpack with Rain Cover Water Resistant Business Backpack with USB Port for 15.6-inch Laptop Office Travel Bag for Men and Women Gifts, Dark Grey","1,946",4.4 out of 5 stars,"3,365"
83,https://www.amazon.in/Tabelito-Laptop-Backpack-15-6-inch-Repellent/dp/B08Y3L4PHK,Tabelito® Casual 15.6 Inch (39.6 cm) Water Repellent Laptop Backpack Office College School Business Travel Bag Suitable for Men Women Boys & Girls Capacity 25 Litre (Grey),549,4.1 out of 5 stars,"1,734"
84,https://www.amazon.in/SFANE-Duffel-Shoulder-Women-Compartment/dp/B07ZC77WTW,"SFANE Polyester 23 cms Navy Blue Gym Bag, Shoulder Bag, Sports Bag for Men & Women with Separate Shoes Compartment (Blue)",437,4.4 out of 5 stars,"2,723"
85,https://www.amazon.in/CONTACTS-Backpack-Lighweight-Versatile-Charging/dp/B085WPWY1W,Contacts 15 inch Everyday Laptop Versatile Backpack with USB Charging Port | Multi functional Bagpack (Grey)…,999,3.8 out of 5 stars,"1,097"
86,https://www.amazon.in/Police-Polyester-Laptop-Spec-Backpack/dp/B07ZB8NWTZ,POLICE Polyester 35 Ltr Laptop Big Low Spec Laptop Backpack - Black/Navy,"1,569",3.3 out of 5 stars,202
87,https://www.amazon.in/Wildcraft-Turnaround-Polyester-Laptop-8903340000000/dp/B012D4QWES,Wildcraft Turnaround Polyester 14 inch 27 Ltrs Blue Laptop Bag (8903340000000),"1,797",4.3 out of 5 stars,"3,289"
88,https://www.amazon.in/Number-Backpack-Compartment-Charging-Organizer/dp/B09VTC876Z,"FUR JADEN Anti Theft Number Lock Backpack Bag with 15.6 Inch Laptop Compartment, USB Charging Port & Organizer Pocket for Men Women Boys Girls",699,4.0 out of 5 stars,"4,024"
89,https://www.amazon.in/Resistant-Photography-Accessories-Compatible-Panasonic/dp/B0BRJLWQ6R,"DYAZO Water Resistant Camera Bag/Case Shoulder Strap Space for Photography Lens and Accessories Compatible for Nikon, Canon, Sony, Panasonic, Samsung & Other SLR/DSLR etc (Black & Silver)",599,4.5 out of 5 stars,202
90,https://www.amazon.in/Storite-Grocery-Shopping-Reinforced-40x20x33-cm/dp/B079T66RBW,"Storite Pack of 2 Heavy Duty Canvas Grocery Shopping Bags with Reinforced Handles (40x20x33-cm, Green)",528,4.3 out of 5 stars,"2,140"
91,https://www.amazon.in/American-Tourister-AMT-SCH-BAG01/dp/B07CJCFNZG,American Tourister Casual Backpack,"1,249",4.1 out of 5 stars,"15,011"
92,https://www.amazon.in/Tabelito-Office-Laptop-Briefcase-Women/dp/B08FKXCJNQ,Tabelito® Laptop Bag For Men and women Briefcase 15.6 Inch (39.6 cm) Messenger Side Shoulder Travel bags for mens Water Resistant gifts office bag for men,549,4.0 out of 5 stars,"2,560"
93,https://www.amazon.in/NORTH-ZONE-Waterproof-Backpack-Dimensions/dp/B0BS6QM2GD,NORTH ZONE Casual Waterproof Laptop Backpack/Office Bag/School Bag/College Bag/Business Bag/Travel Backpack (Dimensions:13x18 inches) (Compatible with 39.62cm(15.6inch laptop) 30 L,569,4.0 out of 5 stars,315
94,https://www.amazon.in/F-Gear-String-Polyester-33-cms-Black-Drawstring-Gym-Bag/dp/B07PC28YQ9,F Gear String 11 Ltrs Nylon Black Gym Bag,189,4.0 out of 5 stars,505
95,https://www.amazon.in/Bagneeds-Synthetic-Leather-Briefcase-Messenger/dp/B0855F8174,Bagneeds Men's Black Synthetic Leather Briefcase Best Laptop Messenger Bag Satchel for Men,789,4.1 out of 5 stars,"4,250"
96,https://www.amazon.in/Kore-K-REGULAR-GYM-BAG-Regular-Gym-Bag/dp/B09VLK27NF,Kore Regular Gym Bag,59,2.6 out of 5 stars,"1,741"
97,https://www.amazon.in/Lavie-Odiase-Womens-Satchel-Handbag/dp/B08SW9RJ75,Lavie Women's Odiase Medium Satchel Bag | Ladies Purse Handbag,"1,319",4.1 out of 5 stars,"2,256"
98,https://www.amazon.in/BennettTM-Shoulder-Messenger-Repellent-Charcoal/dp/B09CV24TMK,Bennett™ Mystic Unisex Adult Men's Laptop Bag 15.6 inch Side Shoulder Briefcase Satchel Messenger Business Bags for Men & Women Front Pocket for Laptop Accessories - Black (6 Month Warranty),512,4.0 out of 5 stars,"5,742"
99,https://www.amazon.in/ASTRID-Blue-Diamond-Textured-Cotton/dp/B08W5DQ33D,ASTRID Blue Diamond Textured Cotton Tote Bag,599,4.3 out of 5 stars,130
100,https://www.amazon.in/Safari-Spartan-Water-Resistant-Backpack/dp/B09B26MB5M,"Safari Spartan 21 Ltrs Water Resistant Backpack - Blue, S (SPARTAN19CBBLU)",599,3.8 out of 5 stars,811
101,https://www.amazon.in/ASTRID-Womens-Round-Sling-Pompoms/dp/B08VS8JBNK,ASTRID Women's Round Sling Bag with Pompoms (Brown),499,4.4 out of 5 stars,429
102,https://www.amazon.in/Bennett-15-6-inch-College-Repellent-Backpack/dp/B09WZKHSDR,"Bennett Casual Laptop Bag school bags for boys girls 15.6-inch, 25 LTR Office & College bags for mens Water Repellent Backpack for Men & Women (GREY)",512,3.9 out of 5 stars,573
103,https://www.amazon.in/Nivia-5227-Pulse-Junior-Others/dp/B08D7QG33Z,"Nivia 5227 Pulse Junior Bag, Others (Orange) (Sky Blue)",294,3.7 out of 5 stars,180
104,https://www.amazon.in/ADISA-Laptop-Backpack-Office-College/dp/B09TPVD964,ADISA 15.6 inch Laptop Backpack Office Bag College Travel Back Pack 32 Ltrs (z-Teal),499,3.9 out of 5 stars,802
105,https://www.amazon.in/Gear-Expandable-RainCover-Grey-Black-TLPTURBO00401/dp/B097KDRZ67,Gear Turbo 45L Expandable Water Resistant Antitheft Laptop Bag/Backpack/Briefcase for Men/Women with RainCover (Grey),,4.4 out of 5 stars,932
106,https://www.amazon.in/Cosmus-Casual-Backpack-Charger-College/dp/B08D7DTWLF,Cosmus Vogue Casual Laptop Backpack with USB Charger Port 46cm 26 Litre Dark Grey College Bag,"1,328",4.2 out of 5 stars,"1,390"
107,https://www.amazon.in/Impulse-rucksack-75-backpack-trekking/dp/B09T9XDQ99,Impulse rucksack bags 75 litres travel bag for men tourist bag for travel backpack for hiking trekking Bag for men camping thames blue bag with 1 Year Warranty,"1,244",4.0 out of 5 stars,364
108,https://www.amazon.in/WILD-MODA-Womens-Shoulder-Turquoise/dp/B099PLT91X,"WILD MODA Women's Shoulder Bag, Set of 1",849,4.2 out of 5 stars,"3,805"
109,https://www.amazon.in/HOT-SHOT-032-Preschool-Waterproof/dp/B0BRSKKZ1W,HOT SHOT Kids Bag 032|Unicorn Bag|School Bag|2TO5 Years|BOY & Girl|12 Liters Preschool & Nursery Waterproof Plush Bag,287,3.9 out of 5 stars,56
110,https://www.amazon.in/TRUE-HUMAN-Anti-Theft-backpack-combination/dp/B09VCHV6T5,"TRUE HUMAN® Emperor Anti-Theft backpack with combination lock Laptop bag,office bag for Men and Women | College Bags for Girls & Boys (Zyden)",649,3.7 out of 5 stars,"1,128"
111,https://www.amazon.in/American-Tourister-Polyester-Compartment-Backpack/dp/B0BV75WFJP,"American Tourister Zork Polyester 2 Compartment Laptop Unisex Backpack (Black,Frsz)","3,970",3.0 out of 5 stars,2
112,https://www.amazon.in/Wooum-Anti-Theft-Laptop-Bag/dp/B0BYP7SJ4Q,Wooum Anti Theft Laptop Bag - Backpack For Laptop and Tablet of 15.6 Inch Thick Padded Compartment - Light Weight - Water Resistance – Anti Theft (Black),474,4.8 out of 5 stars,7
113,https://www.amazon.in/DZert-Girls-Polyester-White-Backpack/dp/B07H1BPCGQ,DZert Clasy Laptop Bag College Bag for Boys Girls 21 L Nevy Blue,339,3.8 out of 5 stars,"2,401"
114,https://www.amazon.in/Vivinkaa-Womens-Sling-Bag-Blue/dp/B077WSKG53,"Vivinkaa Sling Bag for Women, Bags for Women, Sling Bag, Purse for Women, Sling Bag for Women Stylish, Sling Bag for Girls, Women Sling Bag, Bag for Girls - Indigo",549,3.8 out of 5 stars,"1,899"
115,https://www.amazon.in/Wildcraft-Green-Casual-Backpack-11650-Green/dp/B079DV66TY,Wildcraft 29.5 Ltrs Green Casual Backpack (11650-Green),999,4.1 out of 5 stars,355
116,https://www.amazon.in/Okami-ZenPack-Minimal-Messenger-Briefcase/dp/B0BVZT69JN,Okami ZenPack UNO Minimal Laptop Messenger Bag X Briefcase,"1,999",4.3 out of 5 stars,18
117,https://www.amazon.in/Motherly-Diaper-Bags-Travel-Basic/dp/B07PKQ3WJZ,motherly Diaper Bags for Mom Travel Basic Edition (Navy Blue),"1,549",4.5 out of 5 stars,"2,481"
118,https://www.amazon.in/ADISA-Laptop-Backpack-College-z-Black/dp/B09TPY1G1W,ADISA 15.6 inch Laptop Backpack Office Bag College Travel Back Pack 32 Ltrs (z-Black),499,3.9 out of 5 stars,802
119,https://www.amazon.in/LOOKMUSTER-Waterproof-Backpack-College-Business/dp/B0BS6YGKMC,LOOKMUSTER Casual Waterproof Laptop Backpack/Office Bag/School Bag/College Bag/Business Bag/Travel Backpack…,598,3.9 out of 5 stars,26
120,https://www.amazon.in/Safari-Overnighter-Resistant-Travelling-All-Purpose/dp/B097JMR4M6,"Safari Seek 32 Ltrs Overnighter Travel Laptop Backpack (Black), Water Resistant Spacious Bag for Travelling and Camping, All-Purpose Bag for Business & Leisure","1,949",4.3 out of 5 stars,176
121,https://www.amazon.in/Adjustable-Backpack-Charging-Resistant-Bussiness/dp/B084NZFNGS,"Arctic Hunter Backpack,Original 41L Expandable Laptop Bag Business Travel Backpack with 17 inch Laptop Pocket 3 in 1 Convertible Laptop Backpack Tech Bag with USB Charging Port Water-resistant Multiple Compartments Large Capacity Bag for Men Women Travel Business College","3,419",4.5 out of 5 stars,491
122,https://www.amazon.in/Capriff-Liters-Collage-travell-Backpack/dp/B084T7X2HX,CAPRIFF 32 L Casual Waterproof Laptop Bag/Backpack for Men Boys & Girls For Office School College Teens & Students with Rain Cover With adjustable Strap With 2 Compartment,499,3.8 out of 5 stars,"3,029"
123,https://www.amazon.in/SACCI-MUCCI-Allamanda-Lightweight-SM1-10_magnolia/dp/B09TDNZ88Z,"SACCI MUCCI Women's Rainbow Sling Bag, Handmade Bags for Females - 100% Vegan Leather and Coated Duck canvas Fabric, Lightweight and Durable",499,4.2 out of 5 stars,787
124,https://www.amazon.in/Genie-Miami-litres-Casual-Backpack/dp/B07SRGQ2R4,"GENIE Miami Casual Backpacks for Women, 14 inch, Stylish and Trendy College backpacks for girls, Water Resistant and Lightweight Mini Bags Latest collection (Rose)",749,4.2 out of 5 stars,"2,126"
125,https://www.amazon.in/Fur-Jaden-Rucksack-Backpack-BM43_Blue/dp/B07PS38XSP,Fur Jaden Hiking Camping Rucksack Casual 10 Ltrs Blue Casual Backpack,279,3.6 out of 5 stars,"7,776"
126,https://www.amazon.in/WILDHORN-Backpack-Compartment-Business-College/dp/B09Q63JWCH,WILDHORN Laptop Backpack for Men/Women I Waterproof I Travel/Business/College Bookbags Fit 15.6 Inch Laptop,764,4.0 out of 5 stars,129
127,https://www.amazon.in/Cosmus-Casual-Backpack-Charger-College/dp/B08D7D21FV,Cosmus Vogue Casual Laptop Backpack with USB Charger Port 44cm 26 Litre Grey College Bag,"1,358",4.2 out of 5 stars,"1,390"
128,https://www.amazon.in/Cosmus-Casual-Backpack-Charger-College/dp/B09HX54TGF,COSMUS Vogue Casual Laptop Backpack with USB Charger Port 46cm 26 Litre Maroon College Bag,"1,261",4.2 out of 5 stars,"1,390"
129,https://www.amazon.in/TRAWOC-Backpack-Trekking-Rucksack-Warranty/dp/B0847PGZZM,TRAWOC 80L Travel Backpack for Outdoor Sport Camp Hiking Trekking Bag Camping Rucksack HK007 (PARENT) 1 Year Warranty,"2,332",4.4 out of 5 stars,"7,201"
130,https://www.amazon.in/Gear-Classic-Leather-Backpack-LBPCLSLTH0101/dp/B07G4D13LB,Gear Classic 20L Faux Leather Water Resistant Anti Theft Laptop Bag/Backpack for Men/Women-Black,990,4.4 out of 5 stars,"2,670"
131,https://www.amazon.in/Tinytot-Polyester-Multicolour-School-Backpack/dp/B07KNT4WBQ,Tinytot 26 Ltrs 46 Cms School Backpack,697,4.1 out of 5 stars,"2,702"
132,https://www.amazon.in/F-Gear-Burner-Art-Black-Laptop-Backpack/dp/B085QX7J7R,F Gear Burner Art Lthr Black 22 Ltrs Laptop Backpack (3344),792,4.2 out of 5 stars,457
133,https://www.amazon.in/Ritzy-Waterproof-Hi-Quality-External-Resistant/dp/B09Q172X7J,"WALKENT Premium 15.6 Inch Large Laptop Bag , Vegan Leather, Waterproof, External USB, Trolley Strap, Cushioned Strap, Scratch Resistant for Men, Women - Ritzy (Large, 28 Ltr, 1 Main Compartment & 7 Pockets)","2,990",4.3 out of 5 stars,100
134,https://www.amazon.in/COSMUS-Polyester-Navy-Laptop-Backpack/dp/B01FVQLLU0,COSMUS Darwin Navy Blue Laptop Backpack for (15.6 inch),"1,333",4.3 out of 5 stars,"9,976"
135,https://www.amazon.in/Genie-Plaids-Latest-Backpack-Collection/dp/B0893ZWXQJ,Genie Plaids 19 Maroon Backpack Collection,"1,149",4.2 out of 5 stars,243
136,https://www.amazon.in/DZert-Polyester-Black-White-Laptop/dp/B07H193V57,DZert Clasy Laptop Bag College Bag for Boys Girls 21 L Black,339,3.8 out of 5 stars,"2,401"
137,https://www.amazon.in/DZert-Fabric-Multicolour-Spiderman-Printed/dp/B07BNS3KNX,DZert Kids School Bag Soft Plush Backpacks Cartoon Boys Girls Baby (2-5 Years),239,3.8 out of 5 stars,"1,446"
138,https://www.amazon.in/Fur-Jaden-resistant-Backpack-BM100_Brown/dp/B07P5X6NSN,FUR JADEN Vegan Leather 30L 15.6 Inch Laptop Backpack for Men Women for Office Professionals and College Students,899,4.2 out of 5 stars,"2,291"
139,https://www.amazon.in/Polestar-Liters-Polyester-Casual-Backpack/dp/B09243WY6M,"POLESTAR Enzo 15.6 inch 35 LTR Casual Laptop Backpack/Office Bag/School Bag/College Bag/Business Bag/Unisex Backpack, Water Resistant and Light Weight, 1 year Warranty",619,4.2 out of 5 stars,"3,870"
140,https://www.amazon.in/Half-Moon-Laptop-Bag-Compartment/dp/B0C1NZLF67,Half Moon Valex Unisex School Bag/Laptop Backpack/College Bagpack/Office Back Packed | Laptop Bag for Men & Women | School Bags for Boys & Girls with Small Pockets & Laptop Compartment,549,4.4 out of 5 stars,16
141,https://www.amazon.in/Amazon-Basics-Casual-Backpack-15-6-inch/dp/B09W4WJ1CB,Amazon Basics 20 ltrs Casual/Travel/College Backpack for 15.6-inch Laptop | Water Resistant Fabric,459,4.2 out of 5 stars,533
142,https://www.amazon.in/Harissons-Vervo-Laptop-Backpack-Built/dp/B07M5P5LW3,"HARISSONS Bags Vervo 15.6-inch Laptop/Travel/Casual Backpack for Men and Women with Rain Cover (Black, 40 Ltrs) | Quick Access Zippered Pocket, Detailed Organizers & a Detachable Key Chain Holder","2,960",4.3 out of 5 stars,"1,976"
143,https://www.amazon.in/Gear-Ltrs-Casual-Backpack-MDBKPECO50504/dp/B0757K36YV,Gear Moderneco5 21L Water Resistant School Bag/Backpack/College Bag For Men/Women - Navyblue,420,3.9 out of 5 stars,"2,603"
144,https://www.amazon.in/F-Gear-Blow-Laptop-Backpack-Red/dp/B0749MPCFT,"F Gear Blow Laptop Backpack With Rain Cover 32 Liters (Red,Grey) Sch Bag","1,014",4.4 out of 5 stars,285
145,https://www.amazon.in/Storite-Leather-Sling-Bag-Brown/dp/B08TR8RMNH,"Storite Stylish Multi-Pocket Small Sling Cross Body Travel Messenger One Side Shoulder Bag for Men & Women (Brown, 20.5x9x16.5cm)",798,4.0 out of 5 stars,864
146,https://www.amazon.in/COSMUS-Multipurpose-Backpack-Bag-compartment/dp/B078JVT384,"COSMUS Madison waterproof Multipurpose Backpack With laptop compartment , 33L","1,420",4.2 out of 5 stars,"2,231"
147,https://www.amazon.in/NETTIE-Cotton-Carry-Strap-Drawstring/dp/B08LBT1R9J,NETTIE Cotton Carry Bag with Strap and Drawstring for Yoga Mat- Big Size,198,4.1 out of 5 stars,"1,067"
148,https://www.amazon.in/Aristocrat-Zeal-Unisex-Grey-Laptop/dp/B0B5YHC1W5,Aristrocrat Unisex Laptop Bag Grey,799,4.4 out of 5 stars,24
149,https://www.amazon.in/Lavie-Betula-Womens-Tote-Purple/dp/B08J8MV1GM,Lavie Women's Betula Medium Tote Bag | Ladies Purse Handbag,959,4.1 out of 5 stars,"19,427"
150,https://www.amazon.in/F-Gear-Milestone-Casual-Laptop-Backpack/dp/B08FX1R6WY,F Gear Milestone Olive Casual 20 Ltrs Laptop Backpack (3376),"1,071",4.0 out of 5 stars,745
151,https://www.amazon.in/Gear-Bounce-Backpack-Grey-Orange-BKPBOUNCE0604/dp/B097KCLF5F,Gear Bounce 27 Ltrs Water Resistant School Bag/Backpack/College Bag for Men/Women-Grey Orange,615,3.6 out of 5 stars,422
152,https://www.amazon.in/Priority-ARC-Red-Polyester-Trolley/dp/B08HHD4T6W,Priority ARC 56 cm Red Polyester 2 Wheel Duffle Trolley Bag | Travel Luggage for Men & Women,411.,4.0 out of 5 stars,289
153,https://www.amazon.in/ADISA-BP005-Weight-Casual-Backpack/dp/B07D8ZLTT9,ADISA Light Weight Laptop Backpack 32 Ltrs,499,4.0 out of 5 stars,"5,860"
154,https://www.amazon.in/Classic-Leather-Laptop-Backpack-LBPCLSLTH1901/dp/B07G4CYC74,Gear Classic 20L Faux Leather Water Resistant Anti Theft Laptop Bag/Backpack for Men/Women-Tan,990,4.4 out of 5 stars,"2,419"
155,https://www.amazon.in/SKYTONE-Cosmetic-Bag-Cosmetics-Organizer/dp/B0BV358QKF,"SKYTONE 12cms Large Capacity Cosmetic Travel Bag, Women's Makeup Travel Bag Portable Leather Cosmetics Bag, Makeup Storage Bags with Handle and Divider, Wide Opening Cosmetic/Makeup Organizer (L_Pink)",749,3.9 out of 5 stars,136
156,https://www.amazon.in/Lunars-Router-Resistant-Raincover-Organiser/dp/B08YR63B9M,"Lunar's 35 L Laptop Office/School/Travel/Business Backpack Water Proof - Fits Up to 15.6 Inch Laptop Notebook, With Raincover, Inside Organiser and 1 Year Warranty (All)",849,3.8 out of 5 stars,"1,085"
157,https://www.amazon.in/Nishi-Backpack-Waterproof-Stylish-College/dp/B0BR9W54MW,"Nishi Medium Kids Backpack Waterproof Backpack, Girls & Women Stylish Trendy College, School & College Bag Black",369,3.3 out of 5 stars,24
158,https://www.amazon.in/NORTH-ZONE-Lightweight-Backpacks-Stylish/dp/B0BL3SPN16,NORTH ZONE Lightweight school bags Backpacks for Boys Girls Stylish men and women Casual Travel Laptop Bag College office,568,3.9 out of 5 stars,742
159,https://www.amazon.in/Safari-Overnighter-Resistant-Travelling-All-Purpose/dp/B097JM98M1,"Safari Seek 32 Ltrs Overnighter Travel Laptop Backpack (Blue), Water Resistant Spacious Bag for Travelling and Camping, All-Purpose Bag for Business & Leisure","1,899",4.3 out of 5 stars,113
160,https://www.amazon.in/Gear-DOUBLE-Resistant-Backpack-Navy-Tan/dp/B0BTJ2T26W,Gear DOUBLE DECKER 31L Water Resistant Laptop Bag/Backpack/Office Bag for Men/Women (Navy-Tan),"1,482",4.0 out of 5 stars,1
161,https://www.amazon.in/PAZZO-Alto-40L-Casual-Backpack/dp/B07VT3F795,"PAZZO Alto 40L Casual Backpack - 3 Compartment Travel Backpack, College|School Bag with 1 Year Warranty",849,4.0 out of 5 stars,"1,737"
162,https://www.amazon.in/Lify-Womens-Shoulder-Crossbody-Handbag/dp/B09JWMW646,Lify Women's Retro Large Size Canvas Shoulder Bag Hobo Crossbody Handbag Casual Tote - 1 Piece,320,3.8 out of 5 stars,"1,491"
163,https://www.amazon.in/Genie-Flamenco2-Backpack-Compatible-Resistant/dp/B08YF1XJXY,"Genie Flamenco Laptop Backpack for Women, 16 inches Office Bag, Sky Blue Stylish and Trendy Bag for Office and College",799,4.4 out of 5 stars,"2,993"
164,https://www.amazon.in/F-Gear-Millionaire-Doby-Black-Laptop-Backpack/dp/B07XMLCYTH,F Gear Millionaire Doby 36 Ltrs Black Laptop Backpack (3201),"1,049",4.1 out of 5 stars,35
165,https://www.amazon.in/Bennett-15-6-inch-Repellent-Backpack-ben_cas_blue/dp/B09WZKB54G,"Bennett 15.6 inch Laptop Bag Men/Women, 25 L Water Resistant School/College Backpack with Padded Laptop Compartment for Apple/Dell/Lenovo/Asus/Hp/Mi/MacBook/Ultrabook/Thinkpad/Ideapad (Blue)",512,3.9 out of 5 stars,573
166,https://www.amazon.in/Puma-Unisex-Adult-Backpack-Fizzy-9018404/dp/B0BWF2BNBP,"Puma Unisex-Adult Big Cat Backpack, Fizzy Apple (9018404)",999,,
167,https://www.amazon.in/FUR-JADEN-Weekender-Backpack-Compartment/dp/B0BZ4XH8H5,"FUR JADEN 35L Weekender Travel Laptop Backpack Bag with USB Charging Port, Dual Handles, Padded Laptop Compartment","1,499",4.5 out of 5 stars,43
168,https://www.amazon.in/POLICE-Stylish-Premium-Quality-Backpack/dp/B084Q4N84P,POLICE Walt Laptop Backpack Business Office College Travel Bags for Men Fits Up to 15 inch Laptop Notebook - Black,"1,689",4.1 out of 5 stars,647
169,https://www.amazon.in/Wildcraft-Turnaround-Polyester-Laptop-8903338054696/dp/B012D518O6,Wildcraft Unisex-Adult 28 ltrs Laptop Bag Black,"1,724",4.2 out of 5 stars,457
170,https://www.amazon.in/PUMA-Gym-Bag-IND-Fig-CASTLEROCK/dp/B089T98TKG,Puma Unisex Gym Bag IND,619,4.0 out of 5 stars,443
171,https://www.amazon.in/Waterproof-Laptop-College-Backpack-Navy_Blue/dp/B0BW9GWPYH,30 L Waterproof Laptop/College/School/Office Bag Backpack for Men Women Boys Girls with Rain Cover (Navy_Blue),499,5.0 out of 5 stars,1
172,https://www.amazon.in/F-Gear-Enzo-Black-Blue-Waist-Bag/dp/B0862LXJYT,F Gear Enzo Sports Waist Bag (.Black Blue),148,4.2 out of 5 stars,"1,190"
173,https://www.amazon.in/Gear-Polyester-Laptop-Backpack-LBPECONO10412/dp/B012NW0J30,Gear ECO1 24L Water Resistant Laptop Bag/Backpack/Office Bag for Men/Women- Grey-Black-Yellow,852,4.2 out of 5 stars,"1,443"
174,https://www.amazon.in/Skybags-Backpack-Drawstring-SK-BPDRNT3BLK/dp/B0BFXMRH19,"Skybags Drip NXT 03 Unisex Daypack Backpack with Drawstring Pocket, Black, SK BPDRNT3BLK","1,885",4.1 out of 5 stars,21
175,https://www.amazon.in/Storite-Travel-Bag-Lightweight-Waterproof/dp/B0B24Z8KBV,"Storite Nylon 40 Cm Imported Travel Duffle Bag, Expandable Folding Travel Bag for Women, Lightweight Waterproof Carry Weekender Overnight Luggage Bag for Travel (Pink, 40 x 23 x 45 Cm)",998,4.1 out of 5 stars,653
176,https://www.amazon.in/Gear-Colorado-Navy-Laptop-Backpack/dp/B097K6SPH7,F Gear Colorado Navy Lmn yelw 39 Ltrs Laptop Backpack (3813),999,4.2 out of 5 stars,100
177,https://www.amazon.in/AmazonBasics-Casual-Backpack-Office-15-6-inch/dp/B09W4VMZ79,AmazonBasics - Casual Backpack/Office Bag/ for a 15.6-inch Laptop,699,4.2 out of 5 stars,533
178,https://www.amazon.in/Wildcraft-Polyester-Black-Laptop-8903338054290/dp/B012D4QKHW,Wildcraft 44 cms Polyester Black Laptop Bag (8903338054290),"1,589",4.3 out of 5 stars,652
179,https://www.amazon.in/Girls-1518-Polyester-Designer-Waterproof-Bag-Backpack/dp/B08F9QYRZB,Beauty Girls-1518 Polyester Floral printed Designer Stylish Waterproof School/Collage/Picknic Bag-Backpack For Girls & Women (32 Lit),798,4.4 out of 5 stars,"1,067"
180,https://www.amazon.in/BP1501-15-6-inch-Gaming-Laptop-Backpack/dp/B081RLHHCY,Asus ROG BP1501 39.62 cm (15.6-inch) Gaming Laptop Backpack (Black),"1,499",4.3 out of 5 stars,925
181,https://www.amazon.in/Half-Moon-Backpack-Spacious-Multiple/dp/B0C23Z9W18,Half Moon Aztec 37L School Bag Class 5-12 | College Bagpack for Men/College Back pack for Women | 15.6 inch Laptop Bag for Men/Backpack for Men | Spacious & Multiple Pockets,549,4.5 out of 5 stars,14
182,https://www.amazon.in/Red-Lemon-Shoulder-Resistant-Electronic/dp/B0BT82BKCN,Red Lemon Arctic Hunter Mens Small Sling Bag Chest Bag Shoulder Bag Mobile Bag Side Bag with Earphone Port Water Resistant for Everyday Use Small Items and Small Electronic Product (Black),"1,299",3.6 out of 5 stars,6
183,https://www.amazon.in/Gear-Polyester-Laptop-Backpack-LBPECO1000109/dp/B012NW1H1I,Gear ECO 1 Black Orange Red Laptop Backpack,799,4.3 out of 5 stars,"1,379"
184,https://www.amazon.in/Fostelo-CATLIN-Womens-Handbag-Maroon/dp/B079MD5F7R,Fostelo Handbag For Women And Girls | Ladies Purse Faux Leather Satchel Bag | Wedding Gifts For Women | Women 3 Compartments Bag | Travel Purse Hobo Bag | 5 Pockets Shoulder Bag,669,4.1 out of 5 stars,"9,303"
185,https://www.amazon.in/Lino-Perros-yellow-shoulder-WHITE/dp/B09MRY9BQ7,Lino Perros Women Shoulder Bag,978,4.2 out of 5 stars,334
186,https://www.amazon.in/Casual-Waterproof-Laptop-Backpack-College/dp/B0C3XG81XS,"YASH Bag for Boys and Girls Blue Color, 15.6 inch 25 L Casual Waterproof Laptop Backpack/Office Bag/School Bag/College Bag","29,499",,
187,https://www.amazon.in/Hammonds-Flycatcher-Brown-Mens-Laptop/dp/B01LYDRI9V,"Hammonds Flycatcher Genuine Leather Laptop Bag for Men/Office Bag for Men, Brown | Fits Upto 16 Inch Laptop/MacBook | Leather Bag with Shoulder Straps | Laptop Messenger Bag/Leather Bag for Men","2,899",4.4 out of 5 stars,"2,412"
188,https://www.amazon.in/Mi-Business-Casual-Resistant-Backpack/dp/B07YY6PTMN,MI Business Casual 21L Water Resistant Laptop Backpack,999,4.4 out of 5 stars,"4,403"
189,https://www.amazon.in/ASTRID-Black-Textured-Laptop-Accessory/dp/B09Z2G37YY,ASTRID Women's 17'' Black and White Textured Laptop Bag With Accessory Pouch,999,4.1 out of 5 stars,113
190,https://www.amazon.in/Wooum-Resistant-Material-Messenger-Compartment/dp/B09KV7Y3KL,Wooum Water Resistant Material Sling Bag/One Side Bag/Shoulder Bag/Messenger Bag/Office Messenger Bag/Travel Side Bag with 14.1 Inch Laptop Compartment -,474,4.0 out of 5 stars,261
191,https://www.amazon.in/Pqwata-Capacity-Portable-Foldable-Weekender/dp/B09YRZ3TLY,"Pqwata Gym Bag, Travel Bag Sport Duffel Bag, Large Capacity Portable Foldable, Carry Luggage Bag for Weekender Sports, Vacation for Men Women (Multy Colour)",799,4.5 out of 5 stars,10
192,https://www.amazon.in/F-Gear-Fortune-Backpack-Navy-Blue/dp/B07B7K7212,"F Gear Fortune Navy Blue, Red 27 Liters Laptop Backpack (2700)",884,4.1 out of 5 stars,497
193,https://www.amazon.in/Amazon-Brand-Solimo-Backpack-litres/dp/B07FQMN9VN,"Amazon Brand - Solimo Rain & Dust Cover for Backpack (30 Litres, Black)",209,4.2 out of 5 stars,"8,468"
194,https://www.amazon.in/Deal-Polyester-Backpack-Computer-Resistant/dp/B08RC39B71,"The Deal Men's 15.6 Inch Polyester Casual Laptop Backpack, Travel Computer Bag Water Resistant College Work School Bag (Blue)",399,3.4 out of 5 stars,476
195,https://www.amazon.in/Amazon-Brand-Backpack-15-6-inch-Laptops/dp/B076QFBFRG,"Amazon Brand - Solimo Laptop Backpack for 15.6-inch Laptops (27 litres, Black)",549,3.9 out of 5 stars,"1,322"
196,https://www.amazon.in/Skybags-Unisex-Grey-Jacqard-Laptop/dp/B09ZV9SLBJ,Skybags Unisex Grey Jacqard 34L Laptop Bags,"1,149",3.7 out of 5 stars,42
197,https://www.amazon.in/Verage-Tokyo-Trolley-Suitcase-Spinner/dp/B08HW6WRC9,Verage Tokyo 56 cms Grey Cabin/Carry-on Trolley 4 Wheels,"1,899",4.1 out of 5 stars,"2,546"
198,https://www.amazon.in/uppercase-Backpack-2300EBP1-repellent-sustainable/dp/B0B69M182Q,"uppercase Medium 17 Ltrs Vegan Leather (upto 14 inch) Laptop Backpack 2300EBP1 3x more water resistant sustainable bags with rain proof zippers for Men, Women, Boys and Girls, 750 Days warranty","1,600",4.1 out of 5 stars,440
199,https://www.amazon.in/House-Quirk-Toiletry-Waterproof-Zippered/dp/B09G364GX5,"House of Quirk Clear Toiletry Bag, Wash Make Up Bag PVC Waterproof Zippered Cosmetic Bag, Portable Carry Pouch for Women Men (Set of 3 Bag Black)",475,4.4 out of 5 stars,515
200,https://www.amazon.in/WildHorn-Leather-Messenger-MB205-Hunter/dp/B0795WK59N,WildHorn® Leather 8.5 inch Sling Messenger Bag for Men I Multipurpose Crossbody Bag I Travel Bag with Adjustable Strap I DIMENSION: L- 8.5inch H- 10.5inch W- 3inch,"1,919",4.1 out of 5 stars,748
201,https://www.amazon.in/Priority-ARC-Blue-Duffle-Luggage/dp/B08FCQ4YTG,Priority Polyester 29 Cms Travel Duffle(25637_Aqua),799,4.0 out of 5 stars,"7,835"
202,https://www.amazon.in/Business-Casual-Compartment-Resistant-Backpack/dp/B08N6HSJJ5,URBAN WOLF 30L Casual Dual Compartment Water Resistant Laptop Backpack Unisex Bags for Office/Travel/Business/College/School (Black),719,4.0 out of 5 stars,954
203,https://www.amazon.in/MosQuick%C2%AE-Drawstring-Organizing-Stationery-multipurpose/dp/B09S9ZDW2X,"MosQuick® Clear large Drawstring Bags Clear Plastic Travel Bags, Travel Garments Organizing Storage Plastic Bags ,Shoe bags , Stationery Bag,multipurpose bag - Translucent",294,4.2 out of 5 stars,58
204,https://www.amazon.in/Messenger-Water-resistant-Briefcase-Multiple-Men-Black/dp/B0B6G58BYC,"ah arctic hunter Laptop Bag,Messenger Bags For Men And Women Laptop Sling Bag With Handle Water-resistant Laptop Briefcase For 15.6 Inch Laptop Multiple Pockets Travel Office For Men.Black","2,849",4.5 out of 5 stars,72
205,https://www.amazon.in/ASIAN-Sling-Bag-women-Handmade/dp/B09SXRZ7FW,ASIAN Sling Bag for Women - Handmade Bags for Females - Jute and Indian Fabric Slings - Side Bags for Mobile Phones and Wallets (Black),224,3.6 out of 5 stars,86
206,https://www.amazon.in/Tabelito%C2%AE-VOLT-waterproof-Backpack-Compatible/dp/B0BML7Q3J1,Tabelito® VOLT Casual waterproof Laptop Backpack/Office bag/School bag/College bag/Business bag/Unisex bag Travel bag Compatible with 15.6 inch Laptop 30L Bag for Men and Women - GREY,599,4.8 out of 5 stars,176
207,https://www.amazon.in/American-Tourister-FS0-09-002/dp/B07S121FYQ,American Tourister Spin 49 cms Black Laptop Backpack (FS0 (0) 09 002),"1,660",4.2 out of 5 stars,"1,215"
208,https://www.amazon.in/American-Tourister-Polyester-Compartment-Backpack/dp/B0BWFFFT5H,"American Tourister Sest+ Polyester 2 Compartment Unisex Backpack (Grey,Frsz)","1,429",4.1 out of 5 stars,9
209,https://www.amazon.in/Wooum-Resisitance-Shoulder-Business-Messenger/dp/B0993Q72WD,Wooum Sling Cross Body Bag/One Side Bag/Shoulder Bag/Office Business Messenger Bag/Money Bag for Men and Women - Water Resisitance,328,4.0 out of 5 stars,660
210,https://www.amazon.in/Purple-Tree-Fatty-Handbag-Womens/dp/B09PQNK66Z,"The Purple Tree Fatty Tote Bag For Women, Women Fatty Tote Bag, Handbag, Women Handbag, Women Bag, Handbag for Women, Women's Tote, Gift For Women A",599,4.1 out of 5 stars,373
211,https://www.amazon.in/F-Gear-Burner-Casual-Laptop-Backpack/dp/B016115VXW,F Gear Burner P8 19 Ltrs White Casual Laptop Backpack,707.,4.3 out of 5 stars,"3,953"
212,https://www.amazon.in/Martucci-Waterproof-Backpack-College-Business/dp/B0BRJRVH6D,Martucci Jersey 45L Casual Waterproof Laptop Backpack/Office Bag/School Bag/College Bag/Business Bag/Unisex Travel Backpack,809,3.7 out of 5 stars,47
213,https://www.amazon.in/American-Tourister-LAPTOP-BACKPACK-POLYESTER/dp/B0BLCXMTZ7,American Tourister SPIN LAPTOP BACKPACK 28L POLYESTER BLACK,"1,399",2.8 out of 5 stars,15
214,https://www.amazon.in/Storite-Laptop-Briefcase-Messenger-Bag/dp/B08VWF41VX,"Storite PU Leather 14 Inch Laptop Shoulder Messenger Sling Office Business Travel Bag for Men & Women (Brown, 40cm x 29cm x 6cm)","1,059",3.7 out of 5 stars,411
215,https://www.amazon.in/HEROZ-Backpack-Resistant-Computer-17-3-inch/dp/B083N3DCTM,HEROZ Hacker 50 litres Nylon Travel Laptop Backpack Water Resistant Slim Durable Computer Book Bag Tracking Fits Up to 17.3-inch Laptop (058- ALL) (Navy Blue),"1,599",4.2 out of 5 stars,"3,797"
216,https://www.amazon.in/Lino-Perros-Womens-Handbag-Black/dp/B07L4PQJ42,Lino Perros Women Handbag,"1,303",4.3 out of 5 stars,"2,641"
217,https://www.amazon.in/DAHSHA-Multipurpose-Travel-Duffel-13X7x11-inch/dp/B07GCLJTZF,DAHSHA Stylish Nylon Sling Cross Body Travel Bag for Business Office Messenger One Side Shoulder Carry Handbag Bag For Men & Women (35X18x25 CM-grey),694,3.9 out of 5 stars,392
218,https://www.amazon.in/Tommy-Hilfiger-Jaylen-Polyester-Backpack/dp/B0BBQH4HNM,Tommy Hilfiger Jaylen Unisex Polyester 15 Inch Laptop Backpack Black,"2,099",3.8 out of 5 stars,17
219,https://www.amazon.in/Fostelo-Jane-Womens-Handbag-Black/dp/B072VF1GHP,Fostelo Handbag For Women And Girls | Ladies Purse Faux Leather Satchel Bag | Woman Gifts | Wedding Gifts For Women | Women 2 Compartments Bag | Travel Purse Hobo Bag | 3 Pockets Shoulder Bag,669,3.8 out of 5 stars,"1,291"
220,https://www.amazon.in/Protecta-Professional-15-6-inch-Briefcase-Geometric/dp/B07GNCRCP4,Protecta The Professional Laptop Bag Briefcase for Laptops with Screen Size Up to 15.6 Inch (Black & Indian Geometric Print),669,4.4 out of 5 stars,"1,443"
221,https://www.amazon.in/Tommy-Hilfiger-Emanuel-Polyester-Backpack/dp/B0BDSGTJX3,Tommy Hilfiger Emanuel Unisex Polyester 15 Inch Laptop Backpack Navy,"1,850",4.6 out of 5 stars,3
222,https://www.amazon.in/SBCOLLECTION-Premium-Backpack-Water-Resistance-Business/dp/B0BXL5B1J4,SBCOLLECTION Premium School College Office Laptop Daily Use Backpack for All Day Traveler,229,3.3 out of 5 stars,13
223,https://www.amazon.in/Lavie-Chapada-Womens-Handbag-Black/dp/B07CT25R4H,Lavie Women's Chapada Satchel Bag | Ladies Purse Handbag,"1,069",3.9 out of 5 stars,"1,269"
224,https://www.amazon.in/Foldable-Travel-Shoulder-Shopping-Luggage/dp/B07VCRL9H3,"Foldable Travel Duffel Bag,Sport Totes,Shoulder Shopping Bag,Luggage Bag,2 Pack (Pink+Blue)",399,3.8 out of 5 stars,495
225,https://www.amazon.in/SKYBAGS-Campus-College-Laptop-Backpack/dp/B084258ZD8,SKYBAGS Campus Grey Logo Print College Laptop Backpack 30L,"1,899",4.2 out of 5 stars,291
226,https://www.amazon.in/BAG-CORNER-Travel-Clothing-Duffel/dp/B0B6VNJ3YG,BAG CORNER Travel Woman and Clothing Duffel Bag (Ten),799,4.1 out of 5 stars,22
227,https://www.amazon.in/Birthday-Popper-Avengers-Drawstring-Return/dp/B097F8CW71,Birthday Popper Drawstring Sack Bag (Set of 15) Birthday Return Gifts for All Age Group,589,4.0 out of 5 stars,795
228,https://www.amazon.in/Red-Lemon-Backpack-Accessories-Organiser/dp/B0C2KRH268,"Red Lemon Swiss Cut Design 15.6 Inch Smart Laptop Backpack Bag With USB Charging Port, Anti Theft Pocket and Accessories Organiser for Men Women Boys Girls","1,899",4.4 out of 5 stars,894
229,https://www.amazon.in/Safari-Formal-Backpack-Anti-Theft-VAULT19CBBLK/dp/B07XSTR69N,"Safari 48 Cms Black Formal/Office/Laptop Backpack With Anti-Theft, Lock, Usb And Rfid (Vault19Cbblk)","1,396",4.0 out of 5 stars,851
230,https://www.amazon.in/Martucci-Laptop-Backpack-College-Reflective/dp/B0B7DT6HY3,Martucci Large 35 L Backpack Spacy Unisex/College/School/Travel Backpack with Rain Cover and Reflective Strip,746,4.0 out of 5 stars,"1,138"
231,https://www.amazon.in/HEROZ-Hammer-Durable-Travel-Laptop/dp/B07MGDFT9C,HEROZ Hammer Unisex Nylon 45 L Travel Laptop Backpack Water Resistant Slim Durable Fits Up to 17.3 Inch Laptop Notebook (All) (Grey & Black),"1,499",4.3 out of 5 stars,"7,877"
232,https://www.amazon.in/EVRUM-Business-Protection-Crossbody-Waterproof/dp/B0BX6VKQ35,"EVRUM Sling Bag For Men CrossBody Backpack For Men Women, Anti-Theft Chest Bag With USB Charging Port, Waterproof Casual Shoulder Bag Travel Hiking Sling Backpack Carbon Fiber","1,619",4.9 out of 5 stars,70
233,https://www.amazon.in/Amazon-Basics-Laptop-Backpack-Repellent/dp/B09W43XLBY,"AmazonBasics Water Repellent and Wear Resistant Laptop Backpack - 24L, Blue",709,4.2 out of 5 stars,533
234,https://www.amazon.in/Tinytot-School-Backpack-College-Multipurpose/dp/B09C5JVWCW,Tinytot School Bag School Backpack College Backpack Travel Backpack Office Backpack Multipurpose Backpack Picnic Bag for Boys & Girls,589,4.3 out of 5 stars,358
235,https://www.amazon.in/Gison-Outdoor-Waterproof-Organizer-Traveling-Multi/dp/B07GFKMRBJ,Gison 20L Outdoor Ocean Pack Waterproof Dry Bag Sack Storage Bag Organizer for Traveling-Multi Color,599,5.0 out of 5 stars,3
236,https://www.amazon.in/Amazon-Basics-Messenger-13-3-Inch-14-Inch/dp/B09WMQ4Y7H,"Amazon Basics- Laptop Messenger Bag for 13.3-Inch, 14-Inch, 15.6 -Inch Laptop Bag for Men and Women",699,3.9 out of 5 stars,39
237,https://www.amazon.in/Hammonds-Flycatcher-Leather-20Liters-Backpack/dp/B01N21C8H6,HAMMONDS FLYCATCHER Genuine Leather Rich Brown Laptop Backpack Bag for Men and Women- Padded and Adjustable Shoulder Straps with Multiple Compartments and Pockets - Fits upto 16 Inch Laptop/MacBook,"4,818",4.2 out of 5 stars,126
238,https://www.amazon.in/ANNACREATIONS-Stylish-Mermaid-Duffle-Gymnastics/dp/B0BMGK1L2X,"ANNACREATIONS Stylish Mermaid Duffle Sports Dance Gymnastics Sports Gym Bag, Kids Travel Bag for Girls (Style 3)",375,4.5 out of 5 stars,20
239,https://www.amazon.in/SKYBAGS-Unisex-Luggage-Duffel-Bag-DFHUS55ONG/dp/B07F342RQD,Skybags polyester 28 Cms Duffle Bag(SKYBAGS_DFHUS55ONG_Orange),"1,530",4.3 out of 5 stars,280
240,https://www.amazon.in/F-Gear-Bluechip%C2%A0Black-38-Ltrs-Laptop-Backpack/dp/B08Z83XFWB,F Gear Bluechip Black 30 Ltrs Laptop Backpack (3749),899,3.4 out of 5 stars,34
241,https://www.amazon.in/Harissons-Office-Laptop-Backpacks-Women/dp/B09D3YYYNG,HARISSONS Bags Volt 15.6 inch Office Laptop Backpacks for Men and Women,"1,504",4.1 out of 5 stars,245
242,https://www.amazon.in/Semi-Hard-Anti-Theft-Backpack-Waterproof-Charging/dp/B07X399726,"Arctic Hunter Gaming Backpack Laptop Bag for 15.6 inch Laptop Biking Backpack for Men Water-Resistant Stylish Semi-Hard Armored Backpack with USB Port for Men and Women Daily Use Students, Black","2,659",4.3 out of 5 stars,174
243,https://www.amazon.in/Wenger-Backpack-function-designed-612019/dp/B09KV8PG66,"WENGER Quadma ML 16 Inch Laptop Backpack in Black (22 Litres)-blend of style & function, Swiss designed, 612019","1,912",3.7 out of 5 stars,14
244,https://www.amazon.in/Skybags-Sonic-Ltrs-Green-Rucksack/dp/B07T8C3NG8,Skybags Sonic 49 Ltrs Green Rucksack,"1,979",4.2 out of 5 stars,704
245,https://www.amazon.in/Nivia-5412BY-Polyester-Sports-Yellow/dp/B017IPN5SI,NIVIA Sports Space Polyester Gym Bag/Unisex Gym Bags/Adjustable Shoulder Bag for Men/Duffle Gym Bags for Men/Fitness Bag/Sports and Travel Bag/Sports Kit/Duffle Bags Travel,580,4.3 out of 5 stars,"1,072"
246,https://www.amazon.in/Wildcraft-Travel-Duffle-Frisbee-2_Black/dp/B019DWDO9Y,Wildcraft Nylon 18 Inch Black Travel Duffle (Frisbee 2_Black),980,4.1 out of 5 stars,156
247,https://www.amazon.in/Martucci-Backpack-College-Reflective-Airport/dp/B0B7DVC3TL,Martucci Large 35 L Backpack Spacy Unisex/College/School/Travel Backpack with Rain Cover and Reflective Strip,765,4.0 out of 5 stars,"1,138"
248,https://www.amazon.in/Tommy-Hilfiger-Summer-Polyester-Backpack/dp/B0BLNL258S,Tommy Hilfiger Summer Unisex Polyester 15 inch Laptop Backpack Black,"3,510",3.5 out of 5 stars,3
249,https://www.amazon.in/Aristocrat-Rookie-Duffle-Teal-Blue/dp/B09NXV58V3,Aristocrat Polyester Hard 60 Cms Luggage- Suitcase(Dfroo62Etbl_Teal Blue),999,4.0 out of 5 stars,562
250,https://www.amazon.in/Wearslim-Sports-Leather-Crossbody-Shoulder/dp/B096B9SZWN,"Wearslim Gym Bag, Sports Edition PU Leather Gym Duffel Bag, Crossbody Bag, Gym Yoga Bag, Travel Shoulder Bag for Men and Women - Black",299,5.0 out of 5 stars,1
251,https://www.amazon.in/Gear-Superior-Casual-Backpack-BKPSPRIOR0001/dp/B08GY2ZN96,Gear Superior 16LWater Resistant School Bag//Backpack/College Bag for Men/Women - Black,399,3.9 out of 5 stars,276
252,https://www.amazon.in/Lavie-Pamukkale-Womens-Satchel-Piece/dp/B08NQRPQHJ,Lavie Women's Pamukkale Satchel Bag | Ladies Purse Handbag,"1,199",4.0 out of 5 stars,"1,687"
253,https://www.amazon.in/SKYBAGS-Campus-College-Laptop-Backpack/dp/B08425M424,SKYBAGS Campus Plus XL Grey College Laptop Backpack 33L,"2,695",4.1 out of 5 stars,92
254,https://www.amazon.in/Frantic-Soft-Elephant-Velvet-Plush/dp/B07P9JFYZ5,"Frantic Velvet Kids Soft Cartoon Animal Travelling School Bag Soft Plush Backpacks Baby Girls Boys for 2 to 5 Years Baby/Boys/Girls Nursery, Picnic,Preschool",279,3.9 out of 5 stars,"5,090"
255,https://www.amazon.in/Backpack-Fashion-Student-Business-Black-RedZip/dp/B08R7N1N1W,Wooum Laptop Bag Laptop Backpack with 15.6 Inch Padded Compartment - Water Resistance Light Weight (RedZip),398,3.9 out of 5 stars,461
256,https://www.amazon.in/F-Gear-Bi-Frost-Backpack-Grey/dp/B01JGD0FYM,F Gear Bi Frost 47 cms Casual Laptop Backpack (2472) - Grey,699,4.0 out of 5 stars,267
257,https://www.amazon.in/American-Tourister-FS0-41-002/dp/B07S13B1HR,American Tourister Spin 49 cms Navy Laptop Backpack,"1,400",4.1 out of 5 stars,"1,168"
258,https://www.amazon.in/Lavie-Sport-Laptop-Backpack-BDEI323043M3/dp/B07VCKRMJ5,Lavie Sport Atlantis Backpack with Laptop Sleeve | Men | Women | 15 inch Laptop Compatible | 3 compartments | Office Business Casual Bagpack,969,4.4 out of 5 stars,330
259,https://www.amazon.in/Tripole-Foldable-PAKEASY-Backpack-Hiking/dp/B0B24Q1XX3,TriPole Foldable PAKEASY Backpack and Day Bag for Hiking and Day Trips,599,4.1 out of 5 stars,65
260,https://www.amazon.in/DIVULGE-Drawstring-Bag-Sports-Utility/dp/B07PXTDBH4,"DIVULGE Multi Utility Drawstring Bag (Black , 16 L)",153,4.0 out of 5 stars,"1,097"
